{"website_copyright":"\u00a9 Jegtheme 2013. All Rights Reserved. ","enable_section_builder":"1","disable_smoothscroll":"","disable_rightclick":"1","msg_rightclick":"<p>[credit-heading text=\"Jkreativ\"]<\/p>\r\n<p>[credit-name text=\"Created By Jegtheme\"]<a href=\"http:\/\/jkreativ.jegtheme.com\/import\/wp-content\/uploads\/sites\/11\/2014\/06\/image-12.png\"><img class=\"aligncenter size-full wp-image-672\" src=\"http:\/\/jkreativ.jegtheme.com\/import\/wp-content\/uploads\/sites\/11\/2014\/06\/image-12.png\" alt=\"image-12\" width=\"325\" height=\"80\" \/><\/a><\/p>\r\n","rightclick_background_music":"","rightclick_mp3":"","rightclick_ogg":"","social_facebook":"http:\/\/facebook.com\/","social_twitter":"http:\/\/twitter.com\/","social_linkedin":"","social_googleplus":"","social_pinterest":"","social_github":"","social_flickr":"","social_tumblr":"","social_dribbble":"","social_soundcloud":"","social_lastfm":"","social_behance":"","social_instagram":"","social_vimeo":"","social_500px":"","landing_footer_info":"","enable_footer_landing":"1","footerlayout":"4column","single_blog_template":"normal","general_blog_normal_page_position":"pagecenter","general_blog_normal_page_width":"fullwidth","general_blog_normal_show_sidebar":"","general_blog_normal_sidebar":"Default Widget","general_blog_normal_hide_share":"","general_blog_normal_hide_meta":"","general_blog_clean_hide_top_meta":"","general_blog_clean_hide_bottom_meta":"","general_blog_clean_hide_share":"","general_blog_cover_sidebar":"Default Widget","general_blog_cover_hide_share":"","general_blog_cover_hide_meta":"","general_blog_wide_sidebar":"Default Widget","general_blog_extra_hide_share":"","general_blog_extra_hide_meta":"","archive_template":"masonry","archieve_normal_show_sidebar":"","archieve_normal_sidebar":"Default Widget","search_template":"masonry","search_normal_show_sidebar":"","search_normal_sidebar":"Default Widget","additionalinfo":"","styleeditor":"","jseditor":"","additionalfontinfo":"","additional_font_1_fontname":"","additional_font_1_eot":"","additional_font_1_woff":"","additional_font_1_ttf":"","additional_font_1_svg":"","additional_font_2_fontname":"","additional_font_2_eot":"","additional_font_2_woff":"","additional_font_2_ttf":"","svg":"","additional_font_3_fontname":"","additional_font_3_eot":"","additional_font_3_woff":"","additional_font_3_ttf":"","additional_font_3_svg":"","product_type":"normal","product_width":"500","item_height":"1","product_use_margin":"","product_margin_size":"5","override_overlay":"","product_overlay_color":"","product_overlay_text_switch":"","single_product_fullwidth":"","product_single_type":"normal","single_product_width":"400","single_item_height":"1","single_justified_height":"250","single_product_use_margin":"1","single_product_margin_size":"5","single_expand_mode":"magnific","single_scale_mode":"fit","support_request":"","":""}